RAJ2000	DEJ2000	HJD	RVel	e_RVel	Teff	e_Teff	log(g)	e_log(g)	[Fe/H]	e_[Fe/H]	Nobs	Mm	Comb	P
deg	deg	d	km/s	km/s	K	K	[cm/s2]	[cm/s2]	[Sun]	[Sun]	 	 	 	
----------	----------	-------	------	-----	----	---	-----	-----	-----	-----	-	-	-	---
168.228745	+22.368030	5059.35	208.67	 0.87	5209	223	 3.15	 0.43	-1.78	 0.26	2	N	C	  1
168.228745	+22.368030	4526.81	208.87	 1.00	5153	238	 3.31	 0.46	-1.89	 0.29	2	N	S	  1
168.228745	+22.368030	5591.90	208.07	 1.77	5621	644	 2.19	 1.13	-1.22	 0.64	2	N	S	  1
168.332825	+22.139639	4526.81	 71.08	 2.19	6347	601	 1.46	 0.68	 0.17	 0.53	1	Y	S	  1
168.361542	+22.140249	4526.81	 76.11	 2.64	5636	438	 4.65	 0.75	-0.73	 0.51	1	N	S	  1
168.331375	+22.146915	5591.90	 75.00	 0.91	4800	167	 0.98	 0.27	-1.26	 0.22	1	Y	S	  1
168.392960	+22.153250	5591.90	 71.64	 0.78	4622	147	 0.92	 0.24	-2.11	 0.18	1	Y	S	  1
168.353699	+22.122332	5969.43	 78.11	 0.90	4946	173	 1.02	 0.23	-0.96	 0.23	2	Y	C	  1
168.353699	+22.122332	5597.94	 79.17	 2.17	5492	714	 2.81	 0.92	-2.38	 0.73	2	Y	S	  1
168.353699	+22.122332	6340.91	 77.89	 0.99	4912	179	 0.90	 0.23	-0.80	 0.24	2	Y	S	  1
168.325912	+22.141500	5969.43	 75.30	 0.87	4699	185	 2.28	 0.43	-1.63	 0.24	2	Y	C	  1
168.325912	+22.141500	5597.94	 67.90	 1.28	5120	435	 2.94	 0.66	-1.71	 0.51	2	Y	S	  1
168.325912	+22.141500	6340.91	 81.64	 1.19	4607	204	 1.80	 0.56	-1.61	 0.28	2	Y	S	  1
168.368866	+22.138166	5599.80	 75.43	 1.85	4792	363	 1.70	 0.84	 0.29	 0.52	1	Y	S	  1
168.341370	+22.138805	6340.91	 84.19	 2.35	5133	508	 1.05	 0.36	 0.64	 0.57	1	Y	S	  1
168.326935	+22.142139	6341.92	 76.27	 1.81	6174	704	 3.43	 0.95	-1.48	 0.56	1	Y	S	  1
168.172203	+21.969577	5124.19	 70.77	 0.17	5604	 22	 4.47	 0.04	-0.23	 0.02	8	N	C	  1
168.172203	+21.969577	3850.66	 70.69	 0.51	5301	 90	 3.92	 0.23	 0.18	 0.10	8	N	S	  1
168.172203	+21.969577	4212.78	 70.81	 0.47	5636	 54	 4.49	 0.11	-0.24	 0.06	8	N	S	  1
168.172203	+21.969577	4522.71	 70.81	 0.50	5591	 80	 4.32	 0.15	-0.54	 0.09	8	N	S	  1
168.172203	+21.969577	4526.81	 71.30	 0.46	5646	 54	 4.56	 0.10	-0.21	 0.06	8	N	S	  1
168.172203	+21.969577	5597.94	 71.18	 0.46	5547	 68	 4.39	 0.14	-0.29	 0.07	8	N	S	  1
168.172203	+21.969577	5599.80	 70.55	 0.48	5638	 71	 4.48	 0.15	-0.14	 0.07	8	N	S	  1
168.172203	+21.969577	6340.91	 70.41	 0.46	5649	 54	 4.57	 0.10	-0.23	 0.06	8	N	S	  1
168.172203	+21.969577	6341.92	 70.36	 0.46	5618	 57	 4.47	 0.12	-0.23	 0.06	8	N	S	  1
168.232233	+21.913524	5123.20	 14.46	 0.17	5627	 23	 4.25	 0.04	-0.48	 0.03	8	N	C	  1
168.232233	+21.913524	3850.66	 14.90	 0.88	5580	202	 4.64	 0.43	 0.64	 0.17	8	N	S	  1
168.232233	+21.913524	4212.78	 14.69	 0.48	5668	 74	 4.30	 0.13	-0.42	 0.08	8	N	S	  1
168.232233	+21.913524	4522.71	 14.74	 0.49	5561	101	 4.03	 0.19	-0.74	 0.11	8	N	S	  1
168.232233	+21.913524	4526.81	 14.39	 0.47	5670	 63	 4.30	 0.11	-0.50	 0.07	8	N	S	  1
168.232233	+21.913524	5591.90	 14.18	 0.46	5631	 48	 4.28	 0.09	-0.50	 0.05	8	N	S	  1
168.232233	+21.913524	5597.94	 14.75	 0.46	5570	 76	 4.11	 0.14	-0.56	 0.08	8	N	S	  1
168.232233	+21.913524	6340.91	 14.06	 0.46	5626	 55	 4.27	 0.11	-0.49	 0.06	8	N	S	  1
168.232233	+21.913524	6341.92	 14.38	 0.46	5619	 59	 4.21	 0.11	-0.51	 0.07	8	N	S	  1
168.319920	+21.971185	5458.28	 42.55	 0.19	5442	 22	 4.77	 0.05	-0.33	 0.02	7	N	C	  1
168.319920	+21.971185	4212.78	 42.54	 0.48	5443	 57	 4.80	 0.12	-0.40	 0.06	7	N	S	  1
168.319920	+21.971185	4522.71	 42.09	 0.64	5458	110	 4.87	 0.25	 0.33	 0.12	7	N	S	  1
168.319920	+21.971185	5591.90	 42.44	 0.46	5444	 52	 4.77	 0.11	-0.41	 0.06	7	N	S	  1
168.319920	+21.971185	5597.94	 43.43	 0.47	5456	 53	 4.82	 0.11	-0.33	 0.06	7	N	S	  1
168.319920	+21.971185	5599.80	 42.19	 0.52	5486	 81	 4.72	 0.17	-0.19	 0.08	7	N	S	  1
168.319920	+21.971185	6340.91	 42.45	 0.46	5414	 53	 4.74	 0.11	-0.39	 0.06	7	N	S	  1
168.319920	+21.971185	6341.92	 42.44	 0.47	5427	 56	 4.70	 0.12	-0.34	 0.06	7	N	S	  1
168.407975	+21.905901	5119.04	 51.73	 0.22	5625	 28	 4.21	 0.05	-0.47	 0.03	5	N	C	  1
168.407975	+21.905901	3850.66	 51.84	 0.69	5461	133	 3.72	 0.29	-0.55	 0.15	5	N	S	  1
168.407975	+21.905901	4212.78	 51.57	 0.48	5628	 68	 4.17	 0.13	-0.53	 0.07	5	N	S	  1
168.407975	+21.905901	5591.90	 51.39	 0.46	5635	 51	 4.30	 0.10	-0.45	 0.06	5	N	S	  1
168.407975	+21.905901	5597.94	 52.21	 0.46	5647	 56	 4.26	 0.10	-0.46	 0.06	5	N	S	  1
168.407975	+21.905901	6341.92	 51.70	 0.46	5617	 64	 4.13	 0.12	-0.45	 0.07	5	N	S	  1
168.300224	+22.056662	5966.91	 81.22	 1.33	5236	416	 2.92	 0.56	-1.78	 0.43	2	Y	C	  1
168.300224	+22.056662	5591.90	 79.12	 1.91	6123	753	 4.33	 0.83	-0.93	 0.70	2	Y	S	  1
168.300224	+22.056662	6341.92	 83.21	 1.86	4845	499	 1.75	 0.76	-2.27	 0.54	2	Y	S	  1
168.342695	+22.060175	5435.88	 80.63	 0.43	4433	 54	 1.26	 0.17	-2.74	 0.06	4	Y	C	  1
168.342695	+22.060175	4212.78	 79.73	 1.05	4446	124	 1.23	 0.38	-2.84	 0.15	4	Y	S	  1
168.342695	+22.060175	5591.90	 80.46	 0.63	4472	108	 1.31	 0.30	-2.73	 0.12	4	Y	S	  1
168.342695	+22.060175	5597.94	 79.89	 1.10	4684	227	 2.01	 0.55	-2.39	 0.29	4	Y	S	  1
168.342695	+22.060175	6340.91	 82.07	 0.88	4381	 76	 1.05	 0.27	-2.74	 0.10	4	Y	S	  1
168.355033	+22.057600	5062.37	 85.28	 0.45	4587	 86	 0.81	 0.12	-1.44	 0.11	2	Y	C	  1
168.355033	+22.057600	4526.81	 84.78	 0.62	4613	113	 0.89	 0.20	-1.59	 0.14	2	Y	S	  1
168.355033	+22.057600	5597.94	 85.87	 0.67	4551	132	 0.77	 0.15	-1.23	 0.17	2	Y	S	  1
168.358483	+22.050218	6091.58	 79.50	 0.82	4685	163	 1.31	 0.30	-1.23	 0.21	3	Y	C	  1
168.358483	+22.050218	5591.90	 79.01	 1.30	4553	184	 1.10	 0.36	-1.09	 0.25	3	Y	S	  1
168.358483	+22.050218	6340.91	 79.33	 1.43	5189	499	 1.39	 0.61	-1.43	 0.52	3	Y	S	  1
168.358483	+22.050218	6341.92	 80.38	 1.54	5165	508	 2.60	 0.98	-1.77	 0.59	3	Y	S	  1
168.391767	+21.980727	5268.84	 -3.68	 0.22	4798	 22	 5.29	 0.06	-0.05	 0.03	5	N	C	  1
168.391767	+21.980727	3850.66	 -3.92	 0.60	4725	 74	 5.27	 0.23	 0.18	 0.10	5	N	S	  1
168.391767	+21.980727	4212.78	 -3.64	 0.47	4841	 45	 5.19	 0.12	-0.14	 0.06	5	N	S	  1
168.391767	+21.980727	5597.94	 -2.99	 0.47	4778	 47	 5.28	 0.13	-0.03	 0.05	5	N	S	  1
168.391767	+21.980727	6340.91	 -4.28	 0.46	4797	 47	 5.44	 0.13	 0.01	 0.05	5	N	S	  1
168.391767	+21.980727	6341.92	 -3.65	 0.48	4802	 49	 5.27	 0.14	-0.15	 0.06	5	N	S	  1
168.391210	+22.014251	5591.90	-34.68	 1.81	5159	370	 4.79	 0.59	-2.53	 0.40	1	N	S	  1
168.395083	+22.052944	4902.34	 84.99	 0.93	4770	209	 1.21	 0.33	-1.44	 0.27	2	Y	C	  1
168.395083	+22.052944	4212.78	 83.43	 2.20	5508	843	 2.45	 1.20	-1.40	 0.83	2	Y	S	  1
168.395083	+22.052944	5591.90	 85.33	 1.03	4721	216	 1.10	 0.35	-1.44	 0.28	2	Y	S	  1
168.407826	+22.062301	4724.30	 76.08	 1.25	5534	246	 3.39	 0.39	-0.95	 0.31	2	Y	C	  1
168.407826	+22.062301	3850.66	 76.95	 1.84	5690	286	 4.99	 0.52	-0.82	 0.37	2	Y	S	  1
168.407826	+22.062301	5597.94	 75.34	 1.70	5091	483	 1.36	 0.58	-1.23	 0.54	2	Y	S	  1
168.376635	+22.066142	5059.35	 78.52	 0.94	4815	207	 1.29	 0.34	-1.21	 0.26	2	Y	C	  1
168.376635	+22.066142	4526.81	 78.57	 1.27	4812	261	 1.18	 0.41	-1.22	 0.34	2	Y	S	  1
168.376635	+22.066142	5591.90	 78.46	 1.41	4821	339	 1.52	 0.59	-1.19	 0.41	2	Y	S	  1
168.521288	+21.913347	5617.09	113.02	 0.21	5348	 24	 5.00	 0.05	-0.50	 0.03	5	N	C	  1
168.521288	+21.913347	4212.78	114.15	 0.47	5389	 58	 5.14	 0.13	-0.59	 0.06	5	N	S	  1
168.521288	+21.913347	5591.90	107.67	 0.46	5392	 48	 5.11	 0.10	-0.45	 0.06	5	N	S	  1
168.521288	+21.913347	5597.94	103.01	 0.48	5331	 61	 4.98	 0.15	-0.39	 0.07	5	N	S	  1
168.521288	+21.913347	6340.91	116.94	 0.46	5308	 51	 4.88	 0.11	-0.49	 0.06	5	N	S	  1
168.521288	+21.913347	6341.92	123.59	 0.48	5307	 60	 4.85	 0.14	-0.59	 0.07	5	N	S	  1
168.559307	+22.067029	6341.42	-22.54	 0.40	6005	101	 3.81	 0.15	-1.69	 0.09	2	N	C	  1
168.559307	+22.067029	6340.91	-22.50	 0.54	6107	132	 4.04	 0.19	-1.63	 0.12	2	N	S	  1
168.559307	+22.067029	6341.92	-22.60	 0.60	5861	157	 3.41	 0.26	-1.80	 0.15	2	N	S	  1
168.576972	+21.952827	6341.42	 22.56	 0.33	5465	 42	 4.69	 0.09	-0.89	 0.04	2	N	C	  1
168.576972	+21.952827	6340.91	 22.59	 0.46	5484	 58	 4.73	 0.12	-0.90	 0.06	2	N	S	  1
168.576972	+21.952827	6341.92	 22.53	 0.48	5442	 62	 4.65	 0.13	-0.88	 0.07	2	N	S	  1
168.507724	+22.052319	5591.90	129.11	 1.86	5026	351	 3.80	 1.06	-1.25	 0.40	1	N	S	  1
168.614502	+22.076345	5511.16	 77.83	 0.67	4706	 88	 4.41	 0.23	-1.73	 0.11	3	N	C	  1
168.614502	+22.076345	3850.66	 77.18	 1.47	4822	265	 3.44	 0.49	-2.24	 0.34	3	N	S	  1
168.614502	+22.076345	6340.91	 76.96	 1.06	4517	131	 4.23	 0.38	-2.56	 0.16	3	N	S	  1
168.614502	+22.076345	6341.92	 79.02	 1.05	4868	132	 5.07	 0.35	-0.66	 0.17	3	N	S	  1
168.206646	+22.338805	5375.66	 48.83	 0.20	4718	 21	 5.12	 0.06	-0.32	 0.03	6	N	C	  1
168.206646	+22.338805	3850.66	 49.41	 0.50	4743	 51	 4.85	 0.17	-0.47	 0.07	6	N	S	  1
168.206646	+22.338805	4522.71	 48.52	 0.53	4844	 57	 4.92	 0.20	-0.74	 0.07	6	N	S	  1
168.206646	+22.338805	5597.94	 49.38	 0.47	4676	 49	 5.07	 0.13	-0.31	 0.05	6	N	S	  1
168.206646	+22.338805	5599.80	 48.77	 0.51	4620	 59	 4.92	 0.18	-0.25	 0.07	6	N	S	  1
168.206646	+22.338805	6340.91	 48.39	 0.46	4755	 44	 5.41	 0.12	-0.11	 0.06	6	N	S	  1
168.206646	+22.338805	6341.92	 48.54	 0.47	4663	 50	 5.19	 0.13	-0.23	 0.06	6	N	S	  1
168.215025	+22.350828	5341.85	  7.81	 0.22	5943	 59	 3.42	 0.12	-2.22	 0.06	8	N	C	  1
168.215025	+22.350828	4212.78	  8.72	 0.57	6129	156	 3.60	 0.28	-2.02	 0.14	8	N	S	  1
168.215025	+22.350828	4522.71	  5.74	 1.08	6532	368	 4.05	 0.59	-2.04	 0.29	8	N	S	  1
168.215025	+22.350828	4526.81	  7.02	 0.53	5898	144	 3.37	 0.37	-2.20	 0.15	8	N	S	  1
168.215025	+22.350828	5591.90	  6.02	 0.50	5909	109	 3.35	 0.22	-2.23	 0.11	8	N	S	  1
168.215025	+22.350828	5597.94	  7.07	 0.55	5806	159	 2.58	 0.41	-2.43	 0.16	8	N	S	  1
168.215025	+22.350828	5599.80	  6.95	 0.94	5986	359	 4.10	 0.58	-2.22	 0.32	8	N	S	  1
168.215025	+22.350828	6340.91	 10.05	 0.58	5918	176	 3.58	 0.33	-2.27	 0.17	8	N	S	  1
168.215025	+22.350828	6341.92	 10.40	 0.67	5896	197	 3.29	 0.40	-2.30	 0.19	8	N	S	  1
168.225234	+22.298736	5374.34	 76.58	 0.25	5875	 63	 4.38	 0.09	-1.96	 0.06	6	N	C	  1
168.225234	+22.298736	3850.66	 76.87	 1.06	6242	311	 4.83	 0.41	-2.06	 0.25	6	N	S	  1
168.225234	+22.298736	4522.71	 75.23	 1.18	6716	327	 5.14	 0.36	-1.72	 0.25	6	N	S	  1
168.225234	+22.298736	5591.90	 76.06	 0.48	5737	105	 4.27	 0.14	-2.03	 0.10	6	N	S	  1
168.225234	+22.298736	5597.94	 77.37	 0.54	5752	142	 4.29	 0.21	-2.11	 0.13	6	N	S	  1
168.225234	+22.298736	6340.91	 76.44	 0.53	5861	123	 4.25	 0.17	-1.94	 0.12	6	N	S	  1
168.225234	+22.298736	6341.92	 76.89	 0.63	6280	229	 4.64	 0.28	-1.58	 0.18	6	N	S	  1
168.264771	+22.296952	5432.31	 13.97	 0.38	5077	 45	 4.94	 0.11	-0.56	 0.05	2	N	C	  1
168.264771	+22.296952	4522.71	 14.54	 0.66	5144	107	 4.61	 0.27	-1.34	 0.12	2	N	S	  1
168.264771	+22.296952	6341.92	 13.68	 0.47	5062	 49	 5.00	 0.12	-0.36	 0.06	2	N	S	  1
168.381129	+22.316702	5181.40	 27.99	 0.26	5422	 45	 4.39	 0.08	-2.15	 0.05	5	N	C	  1
168.381129	+22.316702	3850.66	 28.72	 0.54	5786	151	 4.93	 0.22	-2.03	 0.14	5	N	S	  1
168.381129	+22.316702	4522.71	 28.23	 0.66	5151	138	 3.78	 0.26	-2.40	 0.16	5	N	S	  1
168.381129	+22.316702	5591.90	 27.38	 0.48	5413	 58	 4.36	 0.11	-2.12	 0.06	5	N	S	  1
168.381129	+22.316702	5599.80	 28.21	 0.74	5386	207	 4.10	 0.37	-2.18	 0.22	5	N	S	  1
168.381129	+22.316702	6341.92	 27.74	 0.57	5452	124	 4.46	 0.19	-2.19	 0.13	5	N	S	  1
168.256153	+22.389621	5515.11	-20.21	 0.38	4471	 47	 4.91	 0.15	-0.46	 0.06	4	N	C	  2
168.256153	+22.389621	4526.81	-19.38	 0.68	4407	 83	 5.12	 0.30	-0.61	 0.12	4	N	S	  2
168.256153	+22.389621	5591.90	-20.72	 0.57	4508	 76	 4.75	 0.22	-0.31	 0.09	4	N	S	  2
168.256153	+22.389621	5599.80	-18.62	 1.66	4467	137	 4.80	 0.59	-1.18	 0.35	4	N	S	  2
168.256153	+22.389621	6341.92	-20.89	 0.89	4515	119	 5.04	 0.35	-0.50	 0.15	4	N	S	  2
168.271675	+22.319749	5167.33	 -0.52	 0.25	4761	 25	 5.20	 0.07	-0.18	 0.03	4	N	C	  1
168.271675	+22.319749	4212.78	 -0.80	 0.47	4785	 48	 5.35	 0.14	 0.07	 0.06	4	N	S	  1
168.271675	+22.319749	4522.71	 -1.17	 0.65	4777	 62	 4.50	 0.27	-1.41	 0.11	4	N	S	  1
168.271675	+22.319749	5591.90	 -0.13	 0.46	4756	 44	 5.29	 0.12	-0.02	 0.05	4	N	S	  1
168.271675	+22.319749	6341.92	 -0.28	 0.48	4731	 51	 5.05	 0.16	-0.23	 0.06	4	N	S	  1
168.476538	+22.381918	5345.82	 36.12	 0.25	5366	 31	 4.88	 0.07	-0.86	 0.03	4	N	C	  1
168.476538	+22.381918	3850.66	 51.64	 0.49	5326	 58	 4.82	 0.13	-1.13	 0.06	4	N	S	  1
168.476538	+22.381918	5591.90	 34.31	 0.46	5269	 56	 4.59	 0.13	-0.65	 0.06	4	N	S	  1
168.476538	+22.381918	5599.80	 42.01	 0.57	5436	 84	 4.96	 0.19	-0.76	 0.09	4	N	S	  1
168.476538	+22.381918	6340.91	 19.20	 0.47	5488	 61	 5.19	 0.13	-0.87	 0.07	4	N	S	  1
168.405048	+22.289645	4906.29	 -9.92	 0.35	4797	 36	 5.15	 0.10	 0.22	 0.05	2	N	C	  1
168.405048	+22.289645	4212.78	 -9.59	 0.47	4799	 48	 5.23	 0.13	 0.34	 0.06	2	N	S	  1
168.405048	+22.289645	5599.80	-10.32	 0.52	4795	 53	 5.01	 0.16	 0.05	 0.07	2	N	S	  1
168.431276	+22.401918	5614.21	  9.31	 0.23	4459	 30	 5.35	 0.06	-0.77	 0.03	6	N	C	  1
168.431276	+22.401918	4212.78	  6.76	 0.53	4469	 71	 5.55	 0.10	-0.57	 0.07	6	N	S	  1
168.431276	+22.401918	5591.90	  6.47	 0.50	4435	 74	 5.23	 0.15	-0.80	 0.06	6	N	S	  1
168.431276	+22.401918	5597.94	 62.97	 1.01	5297	332	 2.44	 0.57	-2.00	 0.37	6	N	S	  1
168.431276	+22.401918	5599.80	  6.77	 0.59	4378	 70	 5.13	 0.23	-0.84	 0.09	6	N	S	  1
168.431276	+22.401918	6340.91	  6.37	 0.49	4479	 62	 5.39	 0.15	-0.78	 0.06	6	N	S	  1
168.431276	+22.401918	6341.92	  5.95	 0.52	4488	 68	 5.21	 0.18	-0.89	 0.08	6	N	S	  1
168.452489	+22.289828	5591.90	280.15	 1.64	5008	298	 4.62	 0.66	-1.87	 0.38	1	N	S	  1
168.468538	+22.333068	4902.34	 16.58	 0.49	4586	 63	 4.41	 0.19	-0.38	 0.08	2	N	C	  1
168.468538	+22.333068	4212.78	 16.68	 0.94	4462	138	 4.36	 0.49	 0.73	 0.23	2	N	S	  1
168.468538	+22.333068	5591.90	 16.54	 0.58	4618	 70	 4.42	 0.21	-0.55	 0.09	2	N	S	  1
168.583376	+22.335966	5276.84	142.63	 1.34	4603	159	 4.20	 0.47	-0.02	 0.28	2	N	C	  1
168.583376	+22.335966	4212.78	144.24	 1.80	4523	170	 3.96	 0.63	 0.97	 0.34	2	N	S	  1
168.583376	+22.335966	6340.91	140.63	 2.01	5179	457	 4.52	 0.71	-2.22	 0.50	2	N	S	  1
168.582646	+22.365862	5160.08	-10.86	 0.30	4328	 24	 5.09	 0.10	-1.58	 0.04	4	N	C	  0
168.582646	+22.365862	3850.66	-10.73	 0.58	4322	 46	 4.96	 0.18	-1.73	 0.07	4	N	S	  0
168.582646	+22.365862	5591.90	-11.03	 0.57	4321	 46	 5.23	 0.18	-1.39	 0.08	4	N	S	  0
168.582646	+22.365862	5597.94	 -9.97	 0.59	4338	 53	 5.12	 0.20	-1.55	 0.07	4	N	S	  0
168.582646	+22.365862	5599.80	-11.83	 0.63	4336	 52	 5.03	 0.26	-1.62	 0.09	4	N	S	  0
168.599362	+22.326965	5966.91	 86.22	 0.91	4960	134	 4.83	 0.32	-1.61	 0.16	2	N	C	  1
168.599362	+22.326965	5591.90	 86.46	 1.52	5184	179	 5.02	 0.41	-1.48	 0.21	2	N	S	  1
168.599362	+22.326965	6341.92	 86.09	 1.14	4672	203	 4.52	 0.52	-1.78	 0.23	2	N	S	  1
168.123920	+22.146578	6341.42	115.81	 1.04	4565	117	 4.46	 0.44	-0.24	 0.27	2	N	C	  1
168.123920	+22.146578	6340.91	118.64	 1.93	4583	183	 4.36	 0.84	-0.22	 0.64	2	N	S	  1
168.123920	+22.146578	6341.92	114.65	 1.24	4552	153	 4.49	 0.51	-0.24	 0.30	2	N	S	  1
168.107426	+22.091015	5966.91	-93.73	 1.08	5166	138	 4.92	 0.33	-0.36	 0.22	2	N	C	  1
168.107426	+22.091015	5591.90	-93.05	 1.32	5243	157	 5.06	 0.37	-0.52	 0.25	2	N	S	  1
168.107426	+22.091015	6341.92	-95.17	 1.91	4906	288	 4.40	 0.71	 0.38	 0.52	2	N	S	  1
168.167794	+22.056836	5055.38	 -3.42	 0.19	5273	 22	 5.15	 0.05	-0.15	 0.02	7	N	C	  1
168.167794	+22.056836	3850.66	 -3.50	 1.03	5013	177	 4.37	 0.57	 1.36	 0.11	7	N	S	  1
168.167794	+22.056836	4212.78	 -3.40	 0.48	5302	 56	 5.19	 0.14	-0.07	 0.06	7	N	S	  1
168.167794	+22.056836	4522.71	 -3.27	 0.64	5023	 88	 4.15	 0.22	-1.48	 0.12	7	N	S	  1
168.167794	+22.056836	4526.81	 -2.78	 0.47	5317	 51	 5.27	 0.12	-0.08	 0.06	7	N	S	  1
168.167794	+22.056836	5591.90	 -3.27	 0.46	5292	 49	 5.21	 0.11	-0.19	 0.06	7	N	S	  1
168.167794	+22.056836	6340.91	 -3.75	 0.47	5268	 50	 5.13	 0.12	-0.25	 0.05	7	N	S	  1
168.167794	+22.056836	6341.92	 -3.94	 0.46	5295	 49	 5.31	 0.12	-0.22	 0.05	7	N	S	  1
168.178024	+22.089599	6091.58	 83.03	 0.46	4640	 83	 1.03	 0.17	-1.66	 0.11	3	Y	C	  1
168.178024	+22.089599	5591.90	 83.09	 0.67	4703	131	 0.98	 0.27	-1.65	 0.18	3	Y	S	  1
168.178024	+22.089599	6340.91	 82.95	 1.03	4463	132	 0.97	 0.26	-1.80	 0.19	3	Y	S	  1
168.178024	+22.089599	6341.92	 82.98	 0.83	4860	186	 1.27	 0.40	-1.44	 0.25	3	Y	S	  1
168.227179	+22.103762	6093.59	 63.81	 1.15	4764	233	 1.54	 0.40	-2.77	 0.25	3	Y	C	  1
168.227179	+22.103762	5597.94	 58.85	 2.91	4654	313	 1.27	 0.52	-2.92	 0.34	3	Y	S	  1
168.227179	+22.103762	6340.91	 65.52	 1.72	5225	793	 1.88	 0.92	-2.02	 0.69	3	Y	S	  1
168.227179	+22.103762	6341.92	 63.85	 1.84	4822	391	 1.94	 0.83	-2.82	 0.44	3	Y	S	  1
168.240740	+22.180602	5701.90	 78.41	 0.59	4846	123	 1.17	 0.18	-1.45	 0.16	4	Y	C	  1
168.240740	+22.180602	4526.81	 77.78	 1.47	4650	229	 1.64	 0.48	-1.85	 0.31	4	Y	S	  1
168.240740	+22.180602	5597.94	 80.23	 1.25	5111	307	 1.71	 0.64	-1.73	 0.34	4	Y	S	  1
168.240740	+22.180602	6340.91	 78.10	 1.16	5072	251	 0.88	 0.22	-0.29	 0.34	4	Y	S	  1
168.240740	+22.180602	6341.92	 77.77	 0.99	4711	223	 1.81	 0.51	-1.80	 0.30	4	Y	S	  1
168.264708	+22.192902	5265.07	 49.82	 0.33	4493	 38	 4.84	 0.13	 0.01	 0.05	4	N	C	  1
168.264708	+22.192902	3850.66	 51.04	 1.53	4462	130	 4.75	 0.49	 0.73	 0.30	4	N	S	  1
168.264708	+22.192902	4526.81	 50.59	 0.64	4369	 66	 4.71	 0.22	 0.21	 0.11	4	N	S	  1
168.264708	+22.192902	6340.91	 49.22	 0.57	4443	 76	 4.64	 0.24	 0.06	 0.10	4	N	S	  1
168.264708	+22.192902	6341.92	 49.65	 0.57	4672	 68	 5.15	 0.22	-0.20	 0.08	4	N	S	  1
168.273713	+22.118336	5062.37	 91.30	 0.86	5176	215	 0.97	 0.22	 0.08	 0.27	2	Y	C	  1
168.273713	+22.118336	4526.81	 97.85	 1.07	5158	239	 0.89	 0.23	 0.52	 0.31	2	Y	S	  1
168.273713	+22.118336	5597.94	 79.08	 1.46	5250	492	 1.94	 0.78	-1.50	 0.58	2	Y	S	  1
168.281640	+22.158394	5597.94	 70.10	 1.09	5200	445	 1.86	 0.73	-1.11	 0.52	1	Y	S	  1
168.303913	+22.135978	5486.54	 83.02	 0.60	4923	128	 1.24	 0.26	-1.12	 0.17	3	Y	C	  1
168.303913	+22.135978	4526.81	 84.61	 2.23	5289	607	 1.90	 0.96	 0.28	 0.62	3	Y	S	  1
168.303913	+22.135978	5591.90	 82.83	 0.75	4833	152	 1.15	 0.33	-1.43	 0.20	3	Y	S	  1
168.303913	+22.135978	6340.91	 83.03	 1.10	5118	261	 1.28	 0.49	-0.67	 0.33	3	Y	S	  1
168.304767	+22.131270	5597.94	 79.65	 0.68	4684	122	 1.10	 0.33	-1.46	 0.16	1	Y	S	  1
168.298067	+22.190933	6341.42	 74.96	 0.79	4531	126	 1.07	 0.24	-1.63	 0.17	2	Y	C	  1
168.298067	+22.190933	6340.91	 77.77	 2.09	5042	369	 1.00	 0.33	 0.26	 0.48	2	Y	S	  1
168.298067	+22.190933	6341.92	 74.50	 0.85	4463	135	 1.13	 0.34	-1.90	 0.18	2	Y	S	  1
168.303779	+22.154937	5598.87	 75.01	 0.67	4656	119	 1.12	 0.22	-1.31	 0.16	2	Y	C	  1
168.303779	+22.154937	5597.94	 75.20	 0.79	4674	146	 1.30	 0.33	-1.57	 0.19	2	Y	S	  1
168.303779	+22.154937	5599.80	 74.50	 1.29	4621	204	 0.97	 0.30	-0.75	 0.29	2	Y	S	  1
168.171762	+22.201726	5434.36	  2.35	 1.40	4523	132	 3.09	 0.57	 0.39	 0.30	2	N	C	  1
168.171762	+22.201726	4526.81	  2.92	 1.91	4589	226	 2.65	 0.86	 0.89	 0.41	2	N	S	  1
168.171762	+22.201726	6341.92	  1.69	 2.06	4488	163	 3.43	 0.77	-0.18	 0.44	2	N	S	  1
168.261342	+22.120660	6341.92	 75.44	 1.20	5937	715	 2.29	 1.02	-0.09	 0.72	1	Y	S	  1
168.265818	+22.096370	4526.81	 70.11	 2.43	4802	386	 1.22	 0.53	-1.02	 0.53	1	Y	S	  1
168.272724	+22.115792	5591.90	 65.50	 1.22	4989	411	 1.62	 0.62	-1.52	 0.51	1	Y	S	  1
168.276658	+22.201502	6341.42	 74.15	 1.24	4962	295	 1.73	 0.56	-1.52	 0.34	2	Y	C	  1
168.276658	+22.201502	6340.91	 73.18	 2.06	5466	668	 1.63	 0.85	-0.59	 0.67	2	Y	S	  1
168.276658	+22.201502	6341.92	 74.70	 1.55	4839	329	 1.80	 0.74	-1.85	 0.40	2	Y	S	  1
168.307310	+22.071999	6341.92	 77.97	 1.29	4764	285	 1.52	 0.51	-2.48	 0.34	1	Y	S	  1
168.265289	+22.139937	5591.90	 84.51	 2.42	5799	975	 2.08	 1.08	-0.82	 0.94	1	Y	S	  1
168.279338	+22.157528	6341.92	 77.14	 1.71	5145	449	 1.66	 0.78	-1.41	 0.51	1	Y	S	  1
168.292953	+22.151511	5591.90	 71.45	 1.67	5168	532	 1.83	 0.77	-1.94	 0.59	1	Y	S	  1
168.365346	+22.170285	3850.66	 83.43	 1.43	4732	218	 2.17	 0.57	-2.51	 0.26	1	Y	S	  1
168.336710	+22.142885	4212.78	 75.73	 0.87	4581	146	 0.79	 0.16	-0.72	 0.19	1	Y	S	  1
168.383543	+22.149615	3850.66	 70.98	 0.86	4655	155	 1.62	 0.38	-1.73	 0.20	1	Y	S	  1
168.365372	+22.177712	4212.78	 80.39	 0.73	4602	138	 0.84	 0.19	-0.83	 0.18	1	Y	S	  1
168.372743	+22.163738	4212.78	 85.57	 0.77	4754	148	 1.38	 0.35	-1.20	 0.20	1	Y	S	  1
168.380019	+22.140152	4212.78	 69.81	 0.99	4429	106	 1.67	 0.33	-2.18	 0.15	1	Y	S	  1
168.373341	+22.149361	4526.81	 82.94	 1.39	4749	225	 1.75	 0.61	-1.74	 0.30	1	Y	S	  1
168.369883	+22.146404	5591.90	 87.07	 0.59	4514	107	 0.78	 0.15	-1.47	 0.12	1	Y	S	  1
168.379041	+22.145726	5966.41	 80.30	 0.48	4621	 87	 0.99	 0.18	-1.58	 0.10	2	Y	C	  1
168.379041	+22.145726	5591.90	 80.16	 0.66	4594	120	 0.97	 0.22	-1.44	 0.14	2	Y	S	  1
168.379041	+22.145726	6340.91	 80.44	 0.68	4652	127	 1.03	 0.28	-1.75	 0.16	2	Y	S	  1
168.383842	+22.153266	6341.92	 82.17	 0.78	5124	176	 1.45	 0.43	-1.27	 0.22	1	Y	S	  1
168.383543	+22.153729	5970.36	 60.99	 0.74	4644	129	 1.72	 0.39	-1.37	 0.20	2	Y	C	  1
168.383543	+22.153729	5599.80	 60.06	 1.76	4494	164	 1.70	 0.51	-0.96	 0.29	2	Y	S	  1
168.383543	+22.153729	6340.91	 61.19	 0.82	4894	212	 1.74	 0.60	-1.75	 0.28	2	Y	S	  1
168.424703	+22.093107	3850.66	 70.57	 1.09	4835	280	 2.32	 0.51	-2.17	 0.36	1	Y	S	  1
168.408103	+22.252007	4212.78	-28.20	 0.46	4935	 50	 5.23	 0.11	-0.60	 0.06	1	N	S	  1
168.418470	+22.205108	5014.12	 81.39	 0.48	4625	 72	 1.18	 0.18	-1.88	 0.08	3	Y	C	  1
168.418470	+22.205108	3850.66	 81.84	 1.38	4821	396	 2.71	 0.63	-3.35	 0.43	3	Y	S	  1
168.418470	+22.205108	5591.90	 81.19	 0.54	4595	 75	 0.93	 0.20	-1.85	 0.09	3	Y	S	  1
168.418470	+22.205108	5599.80	 82.41	 1.50	5342	416	 2.59	 0.69	-0.98	 0.50	3	Y	S	  1
168.422588	+22.208965	5276.84	 59.04	 0.33	5358	 38	 4.49	 0.09	-0.43	 0.04	2	N	C	  1
168.422588	+22.208965	4212.78	 56.44	 0.47	5375	 55	 4.52	 0.12	-0.33	 0.06	2	N	S	  1
168.422588	+22.208965	6340.91	 61.61	 0.47	5341	 54	 4.46	 0.13	-0.52	 0.06	2	N	S	  1
168.307823	+22.147241	4212.78	 67.04	 0.94	4406	 90	 0.80	 0.16	-1.82	 0.12	1	Y	S	  1
168.324119	+22.151826	6340.91	 78.71	 0.69	4562	128	 0.77	 0.14	-1.13	 0.16	1	Y	S	  1
168.314674	+22.150231	4526.81	 79.39	 1.16	5044	207	 0.97	 0.29	-0.13	 0.29	1	Y	S	  1
168.315467	+22.151526	6341.92	 68.67	 1.25	4905	384	 2.86	 0.76	-1.88	 0.43	1	Y	S	  1
168.320595	+22.100961	4526.81	 80.78	 1.22	5088	283	 1.22	 0.45	-0.45	 0.39	1	Y	S	  1
168.326167	+22.112404	5591.90	 78.56	 0.64	4752	116	 0.73	 0.12	-0.79	 0.15	1	Y	S	  1
168.332535	+22.096383	4212.78	 76.73	 1.25	4826	220	 1.48	 0.57	-0.79	 0.31	1	Y	S	  1
168.333801	+22.101774	5969.43	 71.84	 0.79	4763	173	 1.09	 0.25	-1.09	 0.23	2	Y	C	  1
168.333801	+22.101774	5597.94	 71.95	 1.23	4680	254	 0.99	 0.29	-1.42	 0.33	2	Y	S	  1
168.333801	+22.101774	6340.91	 71.76	 1.02	4835	236	 1.37	 0.49	-0.76	 0.33	2	Y	S	  1
168.323001	+22.202270	5591.90	 75.59	 0.67	4424	 94	 1.02	 0.23	-2.03	 0.11	1	Y	S	  1
168.332447	+22.155648	4526.81	 84.45	 0.81	4434	109	 1.00	 0.27	-1.11	 0.16	1	Y	S	  1
168.332647	+22.162751	4212.78	 71.84	 0.78	4811	104	 0.76	 0.14	-0.07	 0.14	1	Y	S	  1
168.335991	+22.159365	6340.91	 79.97	 1.43	4776	295	 1.40	 0.49	-1.89	 0.36	1	Y	S	  1
168.339449	+22.087781	5599.80	 75.56	 1.98	4831	290	 1.16	 0.40	-0.33	 0.39	1	Y	S	  1
168.335836	+22.120783	4212.78	 71.28	 1.07	5250	281	 1.55	 0.58	-1.44	 0.32	1	Y	S	  1
168.341818	+22.074613	5969.93	 97.24	 0.76	4537	125	 1.26	 0.30	-2.34	 0.17	2	Y	C	  1
168.341818	+22.074613	5597.94	 97.86	 1.19	4618	208	 1.45	 0.52	-1.90	 0.29	2	Y	S	  1
168.341818	+22.074613	6341.92	 96.81	 0.99	4490	157	 1.16	 0.37	-2.55	 0.21	2	Y	S	  1
168.343937	+22.125318	5966.41	 68.31	 0.71	4795	176	 1.52	 0.33	-2.01	 0.21	2	Y	C	  1
168.343937	+22.125318	5591.90	 67.72	 0.85	4745	217	 1.61	 0.44	-2.01	 0.27	2	Y	S	  1
168.343937	+22.125318	6340.91	 69.69	 1.31	4892	300	 1.40	 0.50	-2.01	 0.34	2	Y	S	  1
168.344921	+22.098423	4526.81	 64.82	 0.75	4651	144	 0.93	 0.24	-1.94	 0.18	1	Y	S	  1
168.349274	+22.082756	5434.36	 82.94	 0.90	5150	305	 1.50	 0.35	-1.07	 0.33	2	Y	C	  1
168.349274	+22.082756	4526.81	 84.56	 1.26	4927	365	 1.14	 0.40	-0.84	 0.43	2	Y	S	  1
168.349274	+22.082756	6341.92	 81.29	 1.27	5666	554	 2.67	 0.73	-1.42	 0.54	2	Y	S	  1
168.347091	+22.089747	5969.43	 66.72	 0.90	4609	152	 0.97	 0.20	-1.53	 0.19	2	Y	C	  1
168.347091	+22.089747	5597.94	 69.80	 1.72	4644	274	 1.17	 0.41	-1.30	 0.36	2	Y	S	  1
168.347091	+22.089747	6340.91	 65.56	 1.05	4593	182	 0.91	 0.24	-1.63	 0.23	2	Y	S	  1
168.336875	+22.191882	5599.80	 73.71	 1.30	4591	213	 1.17	 0.41	-1.16	 0.33	1	Y	S	  1
168.339014	+22.177162	4212.78	 61.23	 0.99	4594	157	 0.79	 0.15	-0.94	 0.21	1	Y	S	  1
168.351373	+22.092882	5591.90	 74.77	 0.77	4454	116	 0.96	 0.24	-1.92	 0.14	1	Y	S	  1
168.347429	+22.148418	4522.71	 84.91	 1.76	6834	511	 4.67	 0.56	-1.23	 0.35	1	N	S	  1
168.342671	+22.148342	4526.81	 94.94	 0.70	4437	104	 1.19	 0.28	-1.75	 0.13	1	Y	S	  1
168.345948	+22.172960	5059.35	 86.13	 0.44	4498	 75	 0.87	 0.14	-1.34	 0.09	2	Y	C	  1
168.345948	+22.172960	4526.81	 86.29	 0.75	4463	118	 1.04	 0.27	-1.38	 0.15	2	Y	S	  1
168.345948	+22.172960	5591.90	 86.04	 0.54	4523	 98	 0.80	 0.16	-1.31	 0.11	2	Y	S	  1
168.353465	+22.154679	5591.90	 71.94	 0.59	5018	119	 0.71	 0.10	-0.87	 0.17	1	Y	S	  1
168.348635	+22.153514	5597.94	 62.13	 1.15	5016	301	 1.59	 0.55	-1.54	 0.37	1	Y	S	  1
168.346721	+22.163973	5591.90	 75.71	 0.59	4591	113	 1.03	 0.23	-1.62	 0.13	1	Y	S	  1
168.347707	+22.147494	6341.92	 61.64	 1.08	5011	272	 2.04	 0.64	-1.75	 0.35	1	Y	S	  1
168.347566	+22.121425	4212.78	 80.15	 0.66	4513	125	 1.07	 0.26	-1.49	 0.14	1	Y	S	  1
168.348467	+22.118636	5591.90	 81.19	 0.62	4763	112	 1.02	 0.25	-1.25	 0.14	1	Y	S	  1
168.351946	+22.103707	4212.78	 78.67	 0.72	4636	144	 1.66	 0.30	-2.05	 0.18	1	Y	S	  1
168.350775	+22.104231	5969.93	 93.59	 0.66	5087	169	 1.77	 0.39	-1.41	 0.21	2	Y	C	  1
168.350775	+22.104231	5597.94	 92.50	 0.91	5103	265	 1.71	 0.52	-1.46	 0.31	2	Y	S	  1
168.350775	+22.104231	6341.92	 94.80	 0.96	5076	220	 1.85	 0.59	-1.37	 0.28	2	Y	S	  1
168.341306	+22.201801	3850.66	 72.50	 2.00	6660	770	 2.35	 1.00	-1.95	 0.54	1	Y	S	  1
168.349861	+22.141484	4212.78	 80.92	 1.06	5062	212	 0.79	 0.16	 0.20	 0.26	1	Y	S	  1
168.350324	+22.159308	6340.91	 89.74	 0.97	4575	183	 1.17	 0.36	-1.75	 0.25	1	Y	S	  1
168.356523	+22.128904	4212.78	 80.16	 1.23	4970	252	 1.60	 0.57	-1.44	 0.34	1	Y	S	  1
168.360670	+22.123947	3850.66	 85.07	 1.30	5603	280	 4.72	 0.57	-0.73	 0.31	1	N	S	  1
168.354593	+22.209850	4212.78	 83.62	 2.57	5073	360	 1.12	 0.42	 0.68	 0.36	1	Y	S	  1
168.356646	+22.203513	5591.90	 83.64	 1.42	5851	508	 4.00	 0.64	-1.08	 0.50	1	Y	S	  1
168.360468	+22.185403	4212.78	 83.41	 0.75	4829	147	 0.87	 0.20	-0.83	 0.19	1	Y	S	  1
168.356143	+22.223920	5095.78	 91.24	 0.58	4556	111	 0.94	 0.18	-2.15	 0.13	2	Y	C	  1
168.356143	+22.223920	3850.66	 91.57	 0.87	4557	202	 1.35	 0.50	-3.12	 0.23	2	Y	S	  1
168.356143	+22.223920	6340.91	 90.98	 0.78	4555	133	 0.87	 0.20	-1.70	 0.16	2	Y	S	  1
168.373208	+22.121111	4526.81	 83.59	 0.86	4506	136	 0.86	 0.20	-1.40	 0.17	1	Y	S	  1
168.380500	+22.073602	4212.78	 85.01	 0.80	4902	147	 1.03	 0.29	-1.54	 0.19	1	Y	S	  1
168.376071	+22.115956	4212.78	 87.15	 1.29	4787	273	 1.78	 0.54	-2.54	 0.34	1	Y	S	  1
168.379537	+22.108393	3850.66	 86.23	 0.77	4538	128	 1.04	 0.27	-1.30	 0.15	1	Y	S	  1
168.378516	+22.136512	3850.66	100.72	 2.00	4876	225	 1.58	 0.78	 0.13	 0.33	1	N	S	  1
168.376682	+22.134689	5434.36	 59.51	 0.73	5421	226	 2.17	 0.42	-1.34	 0.24	2	Y	C	  1
168.376682	+22.134689	4526.81	 63.77	 1.35	5287	449	 1.79	 0.80	-1.63	 0.46	2	Y	S	  1
168.376682	+22.134689	6341.92	 57.71	 0.88	5467	262	 2.32	 0.50	-1.23	 0.29	2	Y	S	  1
168.376933	+22.137381	6340.91	 79.23	 1.52	5206	472	 1.65	 0.71	-1.45	 0.54	1	Y	S	  1
168.394371	+22.138740	6340.91	 84.65	 1.85	7317	664	 4.00	 0.74	-0.86	 0.50	1	Y	S	  1
168.393857	+22.134419	5591.90	 68.95	 1.80	4889	449	 2.66	 1.04	-1.62	 0.56	1	Y	S	  1
168.372524	+22.175408	5591.90	 89.24	 0.82	4771	173	 1.17	 0.35	-1.16	 0.24	1	Y	S	  1
168.369798	+22.219940	3850.66	 72.61	 1.36	5917	372	 4.29	 0.62	-1.88	 0.30	1	N	S	  1
168.379188	+22.189434	4212.78	 74.23	 0.80	4920	170	 1.34	 0.40	-0.90	 0.23	1	Y	S	  1
168.373550	+22.188914	5966.41	 77.71	 0.61	4832	123	 1.14	 0.25	-1.40	 0.16	2	Y	C	  1
168.373550	+22.188914	5591.90	 78.36	 0.71	4836	133	 1.04	 0.29	-1.30	 0.17	2	Y	S	  1
168.373550	+22.188914	6340.91	 75.75	 1.23	4814	311	 1.47	 0.55	-1.91	 0.38	2	Y	S	  1
168.374080	+22.188551	6341.92	 82.71	 1.54	5268	332	 1.42	 0.57	-1.26	 0.37	1	Y	S	  1
168.383560	+22.124923	3850.66	 79.41	 0.66	4415	 88	 0.81	 0.16	-1.04	 0.11	1	Y	S	  1
168.381927	+22.129646	4212.78	 69.32	 1.16	6147	497	 3.07	 0.56	-1.21	 0.40	1	Y	S	  1
168.383300	+22.127610	6340.91	 76.90	 1.85	4610	214	 2.15	 0.56	-2.36	 0.28	1	Y	S	  1
168.378052	+22.180874	3850.66	 78.52	 1.29	5021	230	 2.78	 0.45	-2.21	 0.27	1	Y	S	  1
168.380113	+22.184423	6340.91	 73.65	 1.46	4993	427	 2.92	 0.99	-2.42	 0.46	1	Y	S	  1
168.386005	+22.117952	4212.78	 75.25	 0.77	4830	195	 1.65	 0.45	-2.03	 0.25	1	Y	S	  1
168.381981	+22.162453	4212.78	 81.40	 1.97	4685	242	 2.74	 0.67	-1.13	 0.35	1	Y	S	  1
168.391124	+22.102234	5095.78	 80.08	 0.46	4493	 77	 0.84	 0.13	-1.46	 0.09	2	Y	C	  1
168.391124	+22.102234	3850.66	 79.76	 0.68	4566	130	 0.83	 0.18	-0.95	 0.16	2	Y	S	  1
168.391124	+22.102234	6340.91	 80.33	 0.61	4454	 96	 0.85	 0.17	-1.68	 0.10	2	Y	S	  1
168.392378	+22.108066	6341.92	 74.08	 1.04	4912	168	 1.22	 0.40	-1.54	 0.21	1	Y	S	  1
168.397612	+22.080946	4212.78	 72.02	 1.55	5125	439	 2.66	 0.72	-2.24	 0.51	1	Y	S	  1
168.387447	+22.163132	5591.90	 81.77	 0.66	4840	131	 1.63	 0.35	-1.60	 0.18	1	Y	S	  1
168.382364	+22.237312	5095.78	 87.17	 0.49	4794	 96	 1.09	 0.15	-1.33	 0.11	2	Y	C	  1
168.382364	+22.237312	3850.66	 89.67	 0.78	5525	228	 3.06	 0.43	-1.80	 0.22	2	Y	S	  1
168.382364	+22.237312	6340.91	 85.57	 0.62	4636	106	 0.80	 0.16	-1.17	 0.13	2	Y	S	  1
168.394768	+22.161791	3850.66	 89.38	 0.84	5074	210	 1.96	 0.36	-1.64	 0.28	1	Y	S	  1
168.404620	+22.159210	5059.35	 77.42	 0.60	4583	108	 0.90	 0.18	-2.23	 0.12	2	Y	C	  1
168.404620	+22.159210	4526.81	101.16	 1.50	5267	471	 2.51	 1.00	-2.37	 0.48	2	Y	S	  1
168.404620	+22.159210	5591.90	 72.92	 0.65	4545	110	 0.85	 0.18	-2.22	 0.12	2	Y	S	  1
168.401499	+22.156571	3850.66	 72.61	 0.95	4641	169	 1.24	 0.35	-1.84	 0.21	1	Y	S	  1
168.390860	+22.167593	5433.86	 88.81	 0.88	5341	261	 2.78	 0.52	-1.72	 0.28	2	Y	C	  1
168.390860	+22.167593	4526.81	 86.52	 1.50	5638	953	 2.60	 1.14	-1.27	 0.88	2	Y	S	  1
168.390860	+22.167593	6340.91	 90.02	 1.09	5317	271	 2.83	 0.59	-1.77	 0.30	2	Y	S	  1
168.390259	+22.177559	6340.91	 88.12	 1.31	5928	508	 3.98	 0.72	-1.10	 0.44	1	Y	S	  1
168.399008	+22.143442	4212.78	 72.68	 1.10	5294	413	 2.59	 0.70	-2.13	 0.45	1	Y	S	  1
168.393524	+22.195150	4725.23	 83.28	 0.72	4888	157	 2.04	 0.33	-1.84	 0.21	2	Y	C	  1
168.393524	+22.195150	3850.66	 83.52	 0.88	4812	175	 2.16	 0.37	-2.07	 0.23	2	Y	S	  1
168.393524	+22.195150	5599.80	 82.79	 1.25	5197	353	 1.59	 0.73	-0.85	 0.48	2	Y	S	  1
168.404546	+22.118717	5276.84	 69.71	 0.52	4621	 98	 1.05	 0.20	-1.46	 0.12	2	Y	C	  1
168.404546	+22.118717	4212.78	 69.60	 0.85	4783	173	 1.60	 0.46	-1.97	 0.22	2	Y	S	  1
168.404546	+22.118717	6340.91	 69.78	 0.67	4544	119	 0.92	 0.22	-1.25	 0.14	2	Y	S	  1
168.395942	+22.192990	6340.91	 88.24	 1.65	4882	384	 3.07	 0.96	-2.69	 0.40	1	Y	S	  1
168.394219	+22.247911	5591.90	 73.85	 0.69	4684	134	 1.38	 0.36	-1.64	 0.17	1	Y	S	  1
168.400093	+22.205788	5277.35	 83.34	 0.56	4834	122	 1.46	 0.29	-1.19	 0.17	2	Y	C	  1
168.400093	+22.205788	4212.78	 84.02	 0.82	4721	194	 1.13	 0.39	-0.82	 0.28	2	Y	S	  1
168.400093	+22.205788	6341.92	 82.78	 0.75	4907	157	 1.91	 0.45	-1.43	 0.22	2	Y	S	  1
168.410476	+22.163128	5591.90	 76.27	 0.65	4917	103	 1.11	 0.30	-1.47	 0.14	1	Y	S	  1
168.413001	+22.164606	6340.91	 96.26	 1.85	6728	944	 2.76	 1.10	-1.12	 0.63	1	Y	S	  1
168.408419	+22.188178	4212.78	 68.92	 0.99	4862	242	 1.30	 0.42	-0.95	 0.33	1	Y	S	  1
168.414429	+22.154657	4212.78	 82.94	 0.69	4515	131	 1.25	 0.30	-1.63	 0.16	1	Y	S	  1
168.413035	+22.155662	5433.86	 80.19	 1.29	5426	477	 2.12	 0.68	-1.87	 0.44	2	Y	C	  1
168.413035	+22.155662	4526.81	 81.62	 1.60	5124	593	 1.82	 0.85	-1.88	 0.59	2	Y	S	  1
168.413035	+22.155662	6340.91	 77.55	 2.17	5977	802	 2.65	 1.14	-1.86	 0.65	2	Y	S	  1
168.421817	+22.128119	3850.66	 73.78	 0.94	4700	156	 0.89	 0.23	-0.58	 0.24	1	Y	S	  1
168.423364	+22.127127	4526.81	 79.22	 1.51	4706	256	 1.71	 0.63	-1.94	 0.33	1	Y	S	  1
168.427980	+22.124331	5594.92	 77.44	 0.58	4669	105	 1.00	 0.21	-2.15	 0.13	2	Y	C	  1
168.427980	+22.124331	5591.90	 77.15	 0.67	4630	114	 0.92	 0.22	-2.12	 0.14	2	Y	S	  1
168.427980	+22.124331	5597.94	 78.38	 1.18	4872	260	 1.51	 0.59	-2.30	 0.32	2	Y	S	  1
168.316018	+22.080891	6341.92	 83.28	 1.92	6148	780	 3.91	 1.08	-1.36	 0.72	1	Y	S	  1
168.316861	+22.115910	5591.90	 87.52	 1.33	4854	381	 1.26	 0.47	-2.17	 0.41	1	Y	S	  1
168.300912	+22.269158	5591.90	 83.24	 1.44	4512	187	 1.42	 0.58	-2.07	 0.27	1	Y	S	  1
168.316177	+22.169413	5591.90	 49.99	 1.35	4691	235	 1.07	 0.34	-1.63	 0.29	1	N	S	  1
168.329372	+22.112509	6341.92	 76.94	 1.36	5122	273	 1.11	 0.39	-1.76	 0.30	1	Y	S	  1
168.328423	+22.187452	5591.90	 66.48	 1.16	4575	192	 1.15	 0.36	-2.28	 0.25	1	Y	S	  1
168.347533	+22.093999	6341.92	 82.29	 1.44	4628	247	 1.32	 0.52	-2.34	 0.31	1	Y	S	  1
168.341596	+22.192213	5966.91	 84.18	 0.83	4726	171	 1.28	 0.32	-1.70	 0.21	2	Y	C	  1
168.341596	+22.192213	5591.90	 84.67	 0.98	4647	195	 1.28	 0.42	-1.61	 0.25	2	Y	S	  1
168.341596	+22.192213	6341.92	 82.87	 1.61	4984	353	 1.28	 0.49	-1.91	 0.39	2	Y	S	  1
168.358687	+22.113342	6340.91	 83.51	 0.92	4647	184	 0.85	 0.21	-1.22	 0.24	1	Y	S	  1
168.347123	+22.221428	5966.91	 72.28	 0.94	4623	173	 1.19	 0.32	-1.81	 0.20	2	Y	C	  1
168.347123	+22.221428	5591.90	 72.53	 1.05	4572	180	 1.11	 0.36	-1.80	 0.22	2	Y	S	  1
168.347123	+22.221428	6341.92	 71.27	 2.10	5189	601	 1.50	 0.68	-1.89	 0.50	2	Y	S	  1
168.363610	+22.118247	4212.78	 83.72	 1.47	5187	484	 1.97	 0.71	-2.13	 0.51	1	Y	S	  1
168.365603	+22.129396	4526.81	 70.03	 1.30	5019	247	 0.92	 0.27	-0.94	 0.33	1	Y	S	  1
168.366421	+22.123087	5966.41	 78.51	 0.69	4788	146	 1.02	 0.22	-1.35	 0.17	2	Y	C	  1
168.366421	+22.123087	5591.90	 78.20	 0.86	4734	194	 1.17	 0.37	-1.15	 0.23	2	Y	S	  1
168.366421	+22.123087	6340.91	 79.04	 1.14	4859	221	 0.94	 0.27	-1.61	 0.27	2	Y	S	  1
168.369941	+22.186285	5597.94	 86.10	 2.38	6325	746	 3.52	 0.99	-1.35	 0.57	1	Y	S	  1
168.364535	+22.228195	5591.90	 84.69	 1.01	4531	174	 1.32	 0.41	-2.28	 0.22	1	Y	S	  1
168.382802	+22.082248	6341.42	 87.97	 1.03	4653	205	 1.86	 0.51	-2.13	 0.26	2	Y	C	  1
168.382802	+22.082248	6340.91	 88.56	 1.42	4595	229	 2.11	 0.73	-2.11	 0.31	2	Y	S	  1
168.382802	+22.082248	6341.92	 87.30	 1.49	4884	457	 1.61	 0.72	-2.16	 0.47	2	Y	S	  1
168.369268	+22.201402	5591.90	 59.67	 2.00	5017	312	 1.14	 0.48	-1.74	 0.39	1	Y	S	  1
168.384699	+22.115485	5591.90	 69.71	 1.12	4617	192	 1.10	 0.36	-1.33	 0.26	1	Y	S	  1
168.377773	+22.205481	5591.90	 72.17	 1.25	5267	485	 2.12	 0.78	-1.03	 0.57	1	Y	S	  1
168.395187	+22.104883	5059.35	 75.51	 0.62	4655	131	 0.98	 0.21	-1.25	 0.17	2	Y	C	  1
168.395187	+22.104883	4526.81	 75.58	 1.15	4636	244	 1.17	 0.44	-1.28	 0.35	2	Y	S	  1
168.395187	+22.104883	5591.90	 75.48	 0.74	4663	156	 0.93	 0.24	-1.24	 0.19	2	Y	S	  1
168.394005	+22.114571	6341.92	 69.47	 1.52	5259	490	 2.15	 0.90	-1.99	 0.50	1	Y	S	  1
168.398312	+22.131495	6341.92	 73.05	 1.78	5343	388	 1.88	 0.81	-1.78	 0.39	1	Y	S	  1
168.394658	+22.183880	5966.91	 85.38	 0.61	4828	128	 1.15	 0.26	-1.48	 0.17	2	Y	C	  1
168.394658	+22.183880	5591.90	 86.01	 0.73	4785	147	 1.06	 0.30	-1.37	 0.20	2	Y	S	  1
168.394658	+22.183880	6341.92	 83.87	 1.12	4966	263	 1.43	 0.53	-1.79	 0.33	2	Y	S	  1
168.407727	+22.077355	4212.78	 85.06	 1.43	5421	614	 2.37	 0.95	-1.72	 0.60	1	Y	S	  1
168.406514	+22.078363	5591.90	 77.27	 1.34	4624	238	 1.37	 0.55	-1.98	 0.31	1	Y	S	  1
168.409612	+22.152349	5597.94	 75.81	 1.93	5935	814	 2.40	 1.19	-1.61	 0.65	1	Y	S	  1
168.401758	+22.168451	5591.90	 88.15	 1.21	4952	260	 2.49	 0.57	-1.90	 0.33	1	Y	S	  1
168.407867	+22.136993	5591.90	 85.27	 0.89	4569	166	 1.01	 0.28	-1.99	 0.21	1	Y	S	  1
168.417672	+22.108010	4526.81	 74.40	 2.30	4966	506	 1.57	 0.81	-1.52	 0.55	1	Y	S	  1
168.417680	+22.178869	4212.78	 65.59	 0.96	4597	202	 1.56	 0.50	-1.61	 0.29	1	Y	S	  1
168.423418	+22.147864	5597.94	 72.66	 1.52	5401	509	 4.77	 0.74	-1.90	 0.60	1	N	S	  1
168.429763	+22.132577	5591.90	 83.86	 0.99	5185	254	 1.55	 0.59	-1.35	 0.31	1	Y	S	  1
168.426824	+22.180893	5591.90	 72.15	 1.06	5566	497	 2.36	 0.80	-0.82	 0.53	1	Y	S	  1
168.428609	+22.232123	4212.78	 89.71	 1.75	4846	379	 1.83	 0.83	-0.86	 0.52	1	Y	S	  1
168.428379	+22.235459	5062.37	 86.20	 1.09	4738	182	 1.53	 0.43	-2.45	 0.22	2	Y	C	  1
168.428379	+22.235459	4526.81	 86.45	 1.64	4671	226	 1.56	 0.62	-2.44	 0.27	2	Y	S	  1
168.428379	+22.235459	5597.94	 85.99	 1.47	4862	308	 1.51	 0.58	-2.45	 0.37	2	Y	S	  1
168.434929	+22.243589	5591.90	 79.23	 1.53	5115	523	 1.92	 0.85	-2.36	 0.53	1	Y	S	  1
168.464637	+22.150594	5591.90	 82.80	 1.85	5117	404	 1.66	 0.66	-1.91	 0.42	1	Y	S	  1
168.462098	+22.207720	5134.21	 76.73	 0.63	4821	138	 1.42	 0.31	-1.86	 0.18	3	Y	C	  1
168.462098	+22.207720	4212.78	 79.75	 1.36	4898	363	 1.48	 0.60	-1.78	 0.44	3	Y	S	  1
168.462098	+22.207720	5591.90	 75.72	 0.78	4747	153	 1.26	 0.37	-1.94	 0.20	3	Y	S	  1
168.462098	+22.207720	5597.94	 76.91	 1.79	6285	754	 3.13	 1.32	-1.13	 0.67	3	Y	S	  1
168.328238	+22.220353	5591.90	 85.45	 1.83	4845	407	 1.90	 0.71	-2.37	 0.49	1	Y	S	  1
168.323824	+22.113282	6340.91	 82.05	 2.14	5385	840	 2.30	 1.16	-0.38	 0.81	1	Y	S	  1
168.310269	+22.234085	4526.81	 78.76	 1.57	4660	288	 2.19	 0.78	-1.22	 0.42	1	Y	S	  1
168.355007	+22.103800	6340.91	 74.02	 2.19	5096	520	 1.83	 0.85	-0.81	 0.60	1	Y	S	  1
168.386460	+22.242679	5591.90	 98.08	 1.29	5161	604	 1.82	 0.83	-2.06	 0.61	1	Y	S	  1
168.425033	+22.170671	5591.90	 73.34	 1.54	5565	421	 1.67	 0.64	-1.63	 0.37	1	Y	S	  1
168.565569	+22.206052	5594.92	211.66	 0.33	5200	 42	 2.83	 0.08	-1.38	 0.05	2	N	C	  1
168.565569	+22.206052	5591.90	211.28	 0.46	5152	 51	 2.76	 0.10	-1.40	 0.06	2	N	S	  1
168.565569	+22.206052	5597.94	212.06	 0.48	5300	 73	 2.99	 0.14	-1.34	 0.09	2	N	S	  1
168.472271	+22.246066	5969.43	 83.32	 0.81	5173	230	 1.85	 0.39	-2.41	 0.24	2	Y	C	  1
168.472271	+22.246066	5597.94	 85.34	 1.36	5186	375	 1.32	 0.55	-2.54	 0.33	2	Y	S	  1
168.472271	+22.246066	6340.91	 82.20	 1.01	5164	292	 2.44	 0.57	-2.28	 0.34	2	Y	S	  1
168.498916	+22.113254	5511.16	 78.63	 0.44	4909	 78	 1.35	 0.21	-1.18	 0.11	3	Y	C	  1
168.498916	+22.113254	3850.66	 73.68	 1.82	5056	234	 1.38	 0.55	 0.29	 0.37	3	Y	S	  1
168.498916	+22.113254	6340.91	 78.77	 0.64	5058	122	 1.52	 0.32	-1.28	 0.16	3	Y	S	  1
168.498916	+22.113254	6341.92	 79.12	 0.65	4745	113	 1.18	 0.31	-1.34	 0.15	3	Y	S	  1
168.516204	+22.174784	5544.67	 85.45	 0.36	4531	 58	 0.98	 0.12	-2.74	 0.07	5	Y	C	  1
168.516204	+22.174784	3850.66	 85.88	 1.29	4507	166	 1.22	 0.39	-2.72	 0.21	5	Y	S	  1
168.516204	+22.174784	5591.90	 84.79	 0.58	4415	 82	 0.80	 0.16	-2.70	 0.09	5	Y	S	  1
168.516204	+22.174784	5597.94	 87.77	 0.97	4543	180	 1.12	 0.37	-3.21	 0.20	5	Y	S	  1
168.516204	+22.174784	6340.91	 85.82	 0.78	4706	147	 1.26	 0.40	-2.73	 0.18	5	Y	S	  1
168.516204	+22.174784	6341.92	 84.64	 0.79	4837	178	 1.74	 0.52	-2.49	 0.23	5	Y	S	  1
168.513952	+22.211801	5597.94	 82.42	 0.82	4716	247	 1.37	 0.52	-2.36	 0.30	1	Y	S	  1
168.470146	+22.145110	6340.91	 77.93	 1.81	5043	475	 2.73	 1.07	-2.14	 0.56	1	Y	S	  1
168.578968	+22.185577	3850.66	-31.85	 2.60	4592	309	 4.34	 0.91	-3.51	 0.36	1	N	S	  1
168.630780	+22.301546	5621.88	 -0.27	 0.23	5236	 25	 4.79	 0.06	-0.14	 0.03	4	N	C	  1
168.630780	+22.301546	4212.78	 -0.51	 0.46	5277	 51	 4.95	 0.12	-0.02	 0.05	4	N	S	  1
168.630780	+22.301546	5591.90	 -0.39	 0.46	5224	 47	 4.81	 0.10	-0.10	 0.05	4	N	S	  1
168.630780	+22.301546	6340.91	  0.13	 0.46	5238	 53	 4.74	 0.13	-0.25	 0.06	4	N	S	  1
168.630780	+22.301546	6341.92	 -0.30	 0.47	5203	 53	 4.66	 0.12	-0.18	 0.06	4	N	S	  1
168.648723	+22.117923	6341.42	 37.92	 0.33	4647	 36	 4.92	 0.10	-0.02	 0.04	2	N	C	  1
168.648723	+22.117923	6340.91	 37.83	 0.47	4644	 49	 4.92	 0.14	-0.04	 0.06	2	N	S	  1
168.648723	+22.117923	6341.92	 38.01	 0.47	4650	 51	 4.93	 0.15	 0.00	 0.06	2	N	S	  1
168.647602	+22.132710	5095.78	-32.88	 1.25	4460	105	 4.31	 0.32	-2.82	 0.14	2	N	C	  1
168.647602	+22.132710	3850.66	-31.64	 1.55	4443	106	 4.46	 0.34	-2.82	 0.14	2	N	S	  1
168.647602	+22.132710	6340.91	-35.21	 2.13	5382	784	 2.87	 1.05	-2.67	 0.79	2	N	S	  1
168.655068	+22.248906	5966.41	 78.13	 0.67	4728	 84	 4.96	 0.25	-1.56	 0.11	2	N	C	  1
168.655068	+22.248906	5591.90	 78.22	 0.75	4855	109	 5.00	 0.32	-0.95	 0.14	2	N	S	  1
168.655068	+22.248906	6340.91	 77.80	 1.48	4533	134	 4.89	 0.40	-2.89	 0.20	2	N	S	  1

